{"timestamp_str":"2021-02-12T17:23:16+01:00","sandbox_id":"18","pool_id":"1","cmd":"nmap -A 10.1.26.9","username":"root","wd":"/root","hostname":"attacker","ip":"10.1.26.23","cmd_type":"bash-command"}
{"timestamp_str":"2021-02-12T17:24:32+01:00","sandbox_id":"18","pool_id":"1","cmd":"nmap -A 10.1.0.0","username":"root","wd":"/root","hostname":"attacker","ip":"10.1.26.23","cmd_type":"bash-command"}
{"timestamp_str":"2021-02-12T17:24:40+01:00","sandbox_id":"18","pool_id":"1","cmd":"nmap -A 10.1.26.9","username":"root","wd":"/root","hostname":"attacker","ip":"10.1.26.23","cmd_type":"bash-command"}
{"timestamp_str":"2021-02-12T17:27:51+01:00","sandbox_id":"18","pool_id":"1","cmd":"nmap -A 10.1.26.9","username":"root","wd":"/root","hostname":"attacker","ip":"10.1.26.23","cmd_type":"bash-command"}